James Butt,jbutt@gmail.com
Josephine Darakjy,josephine_darakjy@darakjy.org
Art Venere,art@venere.org
Lenna Paprocki,lpaprocki@hotmail.com
Donette Foller,donette.foller@cox.net
Simona Morasca,simona@morasca.com
Mitsue Tollner,mitsue_tollner@yahoo.com
Leota Dilliard,leota@hotmail.com
Sage Wieser,sage_wiesercox.net
Kris Marrier,kris@gmail.com
Minna Amigon,minna_amigon@yahoo.com
Abel Maclead,amaclead@gmail.com
Kiley Caldarera,kiley.caldarer a@aol.com
Graciela Ruta,gruta@cox.net
Cammy Albares,calbares@gmail.com
Mattie Poquette,mattie@aol.com
Meaghan Garufi,meaghan@hotmail.com
Gladys Rim,gladys.rim@rim.org
Yuki Whobrey,yuki_whobrey@aol.com
Fletcher Flosi,fletcher.flosi@yahoo.com
Bette Nicka,bette_nicka@cox.net
Veronika Inouye,vinouye@aol.com
Willard Kolmetz,willard@hotmail.com
Maryann Royster,mroyster@royster.com
Alisha Slusarski,alisha@slusarski.com
Allene Iturbide,allene_iturbide@cox.net
Chanel Caudy,chanel.caudy@caudy.org
Ezekiel Chui,ezekiel@chui.com
Willow Kusko,wkusko@yahoo.com
Bernardo Figeroa,bfigeroa@aol.com
Ammie Corrio,ammie@corrio.com
Francine Vocelka,francine_vocelka@vocelka.com
Ernie Stenseth,ernie_stenseth@aol.com
Albina Glick,albina@glick.com
Alishia Sergi,asergi@gmail.com
Solange Shinko,solange@shinko.com
Jose Stockham,jose@yahoo.com
Rozella Ostrosky,rozella.ostrosky@ostrosky.com
Valentine Gillian,valentine_gillian@gmail.com
Kati Rulapaugh,kati.rulapaugh@hotmail.com
Youlanda Schemmer,youlanda@aol.com
Dyan Oldroyd,doldroyd@aol.com
Roxane Campain,roxane@hotmail.com
Lavera Perin,lperin@perin.org
Erick Ferencz,erick.ferencz@aol.com
Fatima Saylors,fsaylors@saylors.org
Jina Briddick,jina_briddick@briddick.com
Kanisha Waycott,kanisha_waycott@yahoo.com
Emerson Bowley,emerson.bowley@bowley.org
Blair Malet,bmalet@yahoo.com
Brock Bolognia,bbolognia@yahoo.com
Lorrie Nestle,lnestle@hotmail.com
Sabra Uyetake,sabra@uyetake.org
Marjory Mastella,mmastella@mastella.com
Karl Klonowski,karl_klonowski@yahoo.com
Tonette Wenner,twenner@aol.com
Amber Monarrez,amber_monarrez@monarrez.org
Shenika Seewald,shenika@gmail.com
Delmy Ahle,delmy.ahle@hotmail.com
Deeanna Juhas,deeanna_juhas@gmail.com
Blondell Pugh,bpugh@aol.com
Jamal Vanausdal,jamal@vanausdal.org
Cecily Hollack,cecily@hollack.org
Carmelina Lindall,carmelina_lindall@lindall.com
Maurine Yglesias,maurine_yglesias@yglesias.com
Tawna Buvens,tawna@gmail.com
Penney Weight,penney_weight@aol.com
Elly Morocco,elly_morocco@gmail.com
Ilene Eroman,ilene.eroman@hotmail.com
Vallie Mondella,vmondella@mondella.com
Kallie Blackwood,kallie.blackwood@gmail.com
Johnetta Abdallah,johnetta_abdallah@aol.com
Bobbye Rhym,brhym@rhym.com
Micaela Rhymes,micaela_rhymes@gmail.com
Tamar Hoogland,tamar@hotmail.com
Moon Parlato,moon@yahoo.com
Laurel Reitler,laurel_reitler@reitler.com
Delisa Crupi,delisa.crupi@crupi.com
Viva Toelkes,viva.toelkes@gmail.com
Elza Lipke,elza@yahoo.com
Devorah Chickering,devorah@hotmail.com
Timothy Mulqueen,timothy_mulqueen@mulqueen.org
Arlette Honeywell,ahoneywell@honeywell.com
Dominque Dickerson,dominque.dickerson@dickerson.org
Lettie Isenhower,lettie_isenhower@yahoo.com
Myra Munns,mmunns@cox.net
Stephaine Barfield,stephaine@barfield.com
Lai Gato,lai.gato@gato.org
Stephen Emigh,stephen_emigh@hotmail.com
Tyra Shields,tshields@gmail.com
Tammara Wardrip,twardrip@cox.net
Cory Gibes,cory.gibes@gmail.com
Danica Bruschke,danica_bruschke@gmail.com
Wilda Giguere,wilda@cox.net
Elvera Benimadho,elvera.benimadho@cox.net
Carma Vanheusen,carma@cox.net
Malinda Hochard,malinda.hochard@yahoo.com
Natalie Fern,natalie.fern@hotmail.com
Lisha Centini,lisha@centini.org
